SourceFile	Title	Artist	Album	Originalyear
./High Maintenance - Change Your Ways (feat. Charlotte Haining) ｜ DnB ｜ NCS - Copyright Free Music.opus	Change Your Ways	High Maintenance feat. Charlotte Haining	NCS: The Best of 2015	2015
./BIMINI & Avi Snow - No Way ｜ Latin Dance ｜ NCS - Copyright Free Music.opus	BIMINI & Avi Snow - No Way | Latin Dance | NCS - Copyright Free Music	NoCopyrightSounds		
./Jim Yosef - Arrow ｜ House ｜ NCS - Copyright Free Music.opus	Firefly	Vertigo Angels	Eradicate Apathy	2003
./Ash O'Connor - Vibe ｜ Wave ｜ NCS - Copyright Free Music.opus	Vibe	Ash O'Connor	[standalone recordings]	
./Unison - Reality [NCS Release].opus	Unison - Reality [NCS Release]	NoCopyrightSounds		
./Krys Talk - Fly Away (JPB Remix) ｜ Trap ｜ NCS - Copyright Free Music.opus	Find a Way	A Tribe Called Quest	94-14 REMIX	2014
./Mendum - Elysium ｜ Dubstep ｜ NCS - Copyright Free Music.opus	Elysium	Mendum	NCS: Infinity	2015
./Itro & Kontinuum - Alive ｜ Tropical House ｜ NCS - Copyright Free Music.opus	Platform 9	Oneeva	NCS: The Best of 2017	2017
./Waysons - Daydream ｜ Progressive House ｜ NCS - Copyright Free Music.opus	Incomplete (Moombahton VIP)	Aero Chord & Anuka feat. DDark	NCS: The Best of 2017	2017
./T & Sugah x NCT - Stardust (feat. Miyoki) ｜ DnB ｜ NCS - Copyright Free Music.opus	Stardust	T & Sugah & NCT	NCS: The Best of 2015	2015
./Krys Talk - Fly Away (Mendum Remix) ｜ Melodic Dubstep ｜ NCS - Copyright Free Music.opus	Krys Talk - Fly Away (Mendum Remix) | Melodic Dubstep | NCS - Copyright Free Music	NoCopyrightSounds		
./Y&V - Lune ｜ Electronic ｜ NCS - Copyright Free Music.opus	Y&V - Lune [NCS Release]	Y&V	Lune	
./Diviners - Savannah (feat. Philly K) ｜ Tropical House ｜ NCS - Copyright Free Music.opus	Savannah	Diviners feat. Philly K	Savannah	2015
./intouch - Heart My Heart ｜ Garage⧸House ｜ NCS - Copyright Free Music.opus	intouch - Heart My Heart | Garage/House | NCS - Copyright Free Music	NoCopyrightSounds		
./Fytch - Blinded (feat. Kosta & Theo Hoarau) ｜ Dubstep ｜ NCS - Copyright Free Music.opus	Linked	Jim Yosef & Anna Yvette	NCS: The Best of 2017	2017
./DEAF KEV - Invincible ｜ Glitch Hop ｜ NCS - Copyright Free Music.opus	Invincible	NoCopyrightSounds	Invincible	2015
./Syn Cole - Feel Good ｜ Future House ｜ NCS - Copyright Free Music.opus	Feel Good	NoCopyrightSounds	Feel Good	2016
./Halvorsen - Wouldn't Change It ｜ Glitch Hop ｜ NCS - Copyright Free Music.opus	Halvorsen - Wouldn't Change It | Glitch Hop | NCS - Copyright Free Music	NoCopyrightSounds		
./Clarx & Shiah Maisel - Give Up ｜ Alternative Dance ｜ NCS - Copyright Free Music.opus	Clarx & Shiah Maisel - Give Up | Alternative Dance | NCS - Copyright Free Music	NoCopyrightSounds		
./Inukshuk - Happy Accidents ｜ Drumstep ｜ NCS - Copyright Free Music.opus	Happy Accidents	Inukshuk	NCS: The Best of 2015	2015
./Ariadne - All I Need (feat. Karl Killing) ｜ Liquid DnB ｜ NCS - Copyright Free Music.opus	All I Need	Ariadne feat. Karl Killing	All I Need	2023
./Different Heaven & EH!DE - My Heart ｜ Drumstep ｜ NCS - Copyright Free Music.opus	My Heart	NoCopyrightSounds	My Heart	2014
./intouch - Baby Sweet ｜ Garage House ｜ NCS - Copyright Free Music.opus	intouch - Baby Sweet | Garage House | NCS - Copyright Free Music	NoCopyrightSounds		
./Itro - Skyward Bound (feat. Kédo Rebelle) ｜ Tropical House ｜ NCS - Copyright Free Music.opus	Skyward Bound	Itro feat. Kédo Rebelle	Skyward Bound	2015
./Krys Talk - Fly Away ｜ Melodic Dubstep ｜ NCS - Copyright Free Music.opus	Fly Away	Krys Talk	NCS: The Best of 2015	2015
./Mangoo, B3nte - Perfection (feat. Derek Cate) ｜ House ｜ NCS - Copyright Free Music.opus	Mangoo, B3nte - Perfection (feat. Derek Cate) | House | NCS - Copyright Free Music	NoCopyrightSounds		
./T & Sugah - For You (ft. Snnr) ｜ DnB ｜ NCS - Copyright Free Music.opus	T & Sugah - For You (ft. Snnr) | DnB | NCS - Copyright Free Music	NoCopyrightSounds		
./Jim Yosef - Link ｜ House ｜ NCS - Copyright Free Music.opus	Link	NoCopyrightSounds	Link	2017
./NAIMA - Let Me See You ｜ Trap ｜ NCS - Copyright Free Music.opus	Holding You	Unknown Brain & Spce CadeX feat. Max Landry	NCS: The Best of 2017	2017
./More Plastic - Obsession ｜ DnB ｜ NCS - Copyright Free Music.opus	More Plastic - Obsession | DnB | NCS - Copyright Free Music	NoCopyrightSounds		
./Sex Whales & Phantom Sage - One Day ｜ Melodic Dubstep ｜ NCS - Copyright Free Music.opus	Sex Whales & Phantom Sage - One Day | Melodic Dubstep | NCS - Copyright Free Music	NoCopyrightSounds		
./Joe Garston - Loud & Clear (feat. Richard Caddock) ｜ Progressive House ｜ NCS - Copyright Free Music.opus	Home	Jordan Schor & Harley Bird	NCS: The Best of 2017	2017
./K-391 - Everybody ｜ House ｜ NCS - Copyright Free Music.opus	Fearless, Pt. II	Tule feat. Chris Linton	NCS: The Best of 2017	2017
./MANIA - Time Of Our Lives ｜ Liquid DnB ｜ NCS - Copyright Free Music.opus	MANIA - Time Of Our Lives | Liquid DnB | NCS - Copyright Free Music	NoCopyrightSounds		
./Lensko - Sarvagon 2015 ｜ House ｜ NCS - Copyright Free Music.opus	Bleed	Axol & The Tech Thieves	NCS: The Best of 2017	2017
./William Ekh - Adventures (feat. Alexa Lusader) ｜ House ｜ NCS - Copyright Free Music.opus	Adventures	William Ekh feat. Alexa Lusader	NCS: Infinity	2015
./Desmeon - Hellcat ｜ Drumstep ｜ NCS - Copyright Free Music.opus	Hellcat	Desmeon	NCS: The Best of 2015	2015
./JPB - Defeat The Night (feat. Ashley Apollodor) ｜ Trap ｜ NCS - Copyright Free Music.opus	Defeat The Night	JPB feat. Ashley Apollodor	Defeat The Night	2015
./Kontinuum - Lost (feat. Savoi) ｜ Electronic Pop ｜ NCS - Copyright Free Music.opus	Lost	Kontinuum feat. Savoi	NCS Is Love, NCS Is Life, Vol. 1	2016
./Lensko - Titsepoken 2015 ｜ Electro ｜ NCS - Copyright Free Music.opus	Fearless, Pt. II	Tule feat. Chris Linton	NCS: The Best of 2017	2017
./Main Reaktor - Awakening ｜ Hardstyle ｜ NCS - Copyright Free Music.opus	We're Invincible	CØDE feat. Joseph Feinstein	NCS: The Best of 2017	2017
./LarsM - Lovers ｜ House ｜ NCS - Copyright Free Music.opus	Lovers	LARSM	NCS: Infinity	2015
./Malik Bash - Apollo ｜ Progressive House ｜ NCS - Copyright Free Music.opus	Phoebus Apollo	Carl Cox	[standalone recordings]	
./Matthew Blake feat. Tyler Fiore - Upside Down ｜ House ｜ NCS - Copyright Free Music.opus	Upside Down	Matthew Blake feat. Tyler Fiore	Upside Down	2014
./K.Safo & Alex Skrindo - Future Vibes (feat. Stewart Wallace) ｜ House ｜ NCS - Copyright Free Music.opus	Future Vibes	K.Safo & Alex Skrindo feat. Stewart Wallace	Future Vibes	2015
./Wiguez - VBM (ft. P-One) ｜ DnB ｜ NCS - Copyright Free Music.opus	Wiguez - VBM (ft. P-One) | DnB | NCS - Copyright Free Music	NoCopyrightSounds		
./Vanze - Forever (feat. Brenton Mattheus) ｜ Progressive House ｜ NCS - Copyright Free Music.opus	Forever	Vanze feat. Brenton Mattheus	Forever	2015
./Cormak - Flavors ｜ Future Bass ｜ NCS - Copyright Free Music.opus	Flavors	Cormak	Flavors	2015
./Sex Whales & Roee Yeger - Where Was I (feat. Ashley Apollodor) ｜ NCS - Copyright Free Music.opus	NCS: The Best of 2017 (continuous mix)	Various Artists	NCS: The Best of 2017	2017
./Ash O'Connor - You ｜ Future House ｜ NCS - Copyright Free Music.opus	You	Ash O'Connor	NCS: Infinity	2015
./Distrion & Electro-Light - Rubik ｜ House ｜ NCS - Copyright Free Music.opus	Rubik	Distrion & Electro-Light	NCS: Infinity	2015
./Jonth - WHAT ｜ Jump Up DnB ｜ NCS - Copyright Free Music.opus	Jonth - WHAT | Jump Up DnB | NCS - Copyright Free Music	NoCopyrightSounds		
./Cartoon, Jéja - On & On (feat. Daniel Levi) ｜ Electronic Pop ｜ NCS - Copyright Free Music.opus	On & On	Cartoon feat. Daniel Levi	NCS: The Best of 2015	2015
./Vidya Vidya - Safari Fruits ｜ Trap ｜ NCS - Copyright Free Music.opus	Safari Fruits	Vidya Vidya	NCS: Infinity	2015
./Kasger - Highland ｜ DnB ｜ NCS - Copyright Free Music.opus	Highland	Kasger	NCS: The Best of 2015	2015
./Jim Yosef - Firefly ｜ Progressive House ｜ NCS - Copyright Free Music.opus	Firefly	NoCopyrightSounds	NCS: The Best of 2015	2015
./Umpire - Gravity (feat. Liz Kretschmer) ｜ Melodic Dubstep ｜ NCS - Copyright Free Music.opus	Gravity	Umpire feat. Liz Kretschmer	Gravity	2015
./Janji & Johnning - Nostalgia ｜ House ｜ NCS - Copyright Free Music.opus	Janji & Johnning - Nostalgia | House | NCS - Copyright Free Music	NoCopyrightSounds		
./Syntact - Shallow ｜ Glitch Hop ｜ NCS - Copyright Free Music.opus	Syntact - Shallow | Glitch Hop | NCS - Copyright Free Music	NoCopyrightSounds		
./MANIA - Reason (feat. Remy Night) ｜ Liquid DnB ｜ NCS - Copyright Free Music.opus	MANIA - Reason (feat. Remy Night) | Liquid DnB | NCS - Copyright Free Music	NoCopyrightSounds		
./Alex Skrindo - Jumbo ｜ House ｜ NCS - Copyright Free Music.opus	Jumbo	Alex Skrindo	NCS: The Best of 2015	2015
./DJVI - Back on Dash ｜ Progressive House ｜ NCS - Copyright Free Music.opus	DJVI - Back on Dash | Progressive House | NCS - Copyright Free Music	NoCopyrightSounds		
./Different Heaven - OMG ｜ House ｜ NCS - Copyright Free Music.opus	Radiate	ElementD & Chordinatez feat. Mees van den Berg	NCS: The Best of 2017	2017
./Janji - Heroes Tonight (feat. Johnning) ｜ Progressive House ｜ NCS - Copyright Free Music.opus	Heroes Tonight	Janji feat. Johnning	NCS: The Best of 2015	2015
./Itro x Valcos - Starbound [NCS Release].opus	Starbound	Itro, Valcos	Starbound	2015
./JJD - Adventure ｜ Glitch Hop ｜ NCS - Copyright Free Music.opus	Adventure	NoCopyrightSounds	Adventure	2016
./Venemy - Rescue Me (feat. Car) ｜ Dubstep ｜ NCS - Copyright Free Music.opus	Home	Jordan Schor & Harley Bird	NCS: The Best of 2017	2017
./Alaina Cross - Karma ｜ Electronic Pop ｜ NCS - Copyright Free Music.opus	Karma	Alaina Cross	Karma	2023
./Spektrem - Shine ｜ Progressive House ｜ NCS - Copyright Free Music.opus	Shine	NoCopyrightSounds	Enter the Spektrem	2013
./Vanze x Balco x Fransis Derelle - All I Need (feat. Brenton Mattheus) ｜ NCS - Copyright Free Music.opus	Radiate	ElementD & Chordinatez feat. Mees van den Berg	NCS: The Best of 2017	2017
./Unison - Aperture ｜ Progressive House ｜ NCS - Copyright Free Music.opus	Aperture	Extol	Synergy	2003
./Cartoon, Jéja - Immortality (feat. Kristel Aaslaid) ｜ Future Bass ｜ NCS - Copyright Free Music.opus	Cartoon, Jéja - Immortality (feat. Kristel Aaslaid) | Future Bass | NCS - Copyright Free Music	NoCopyrightSounds		
./PLVTO - Are You With Me ｜ Future Bass ｜ NCS - Copyright Free Music.opus	PLVTO - Are You With Me | Future Bass | NCS - Copyright Free Music	NoCopyrightSounds		
./Jim Yosef - Eclipse ｜ House ｜ NCS - Copyright Free Music.opus	Eclipse	Jim Yosef	NCS: The Best of 2015	2015
./Mendum - One Third ｜ Drumstep ｜ NCS - Copyright Free Music.opus	Third One	Digital Mystikz	Box of Dub 2: Dubstep and Future Dub	2007
./Sam Day - EVERY TIME I SEE YOUR FACE ｜ House ｜ NCS - Copyright Free Music.opus	Sam Day - EVERY TIME I SEE YOUR FACE | House | NCS - Copyright Free Music	NoCopyrightSounds		
./HOVERBOOTS - One ｜ Trap ｜ NCS - Copyright Free Music.opus	Linked	Jim Yosef & Anna Yvette	NCS: The Best of 2017	2017
./Diamond Eyes - Lies ｜ Future Trap ｜ NCS - Copyright Free Music.opus	Diamond Eyes - Lies | Future Trap | NCS - Copyright Free Music	NoCopyrightSounds		
./Disco's Over - Reflections (feat. Lokka Vox) ｜ Progressive House ｜ NCS - Copyright Free Music.opus	Disco's Over - Reflections (feat. Lokka Vox) | Progressive House | NCS - Copyright Free Music	NoCopyrightSounds		
./LFZ - Popsicle ｜ House ｜ NCS - Copyright Free Music.opus	Popsicle	NoCopyrightSounds	Popsicle	2017
./Alex Skrindo & Stahl! - Moments ｜ House ｜ NCS - Copyright Free Music.opus	Alex Skrindo & Stahl! - Moments | House | NCS - Copyright Free Music	NoCopyrightSounds		
./Phantom Sage - MIKO ｜ Future Bass ｜ NCS - Copyright Free Music.opus	Miko	Phantom Sage	NCS Is Love, NCS Is Life, Vol. 1	2016
./ZEST - You. & Me？ ｜ Trap ｜ NCS - Copyright Free Music.opus	Watch the World Burn	Paul Flint feat. Chris Linton	NCS: The Best of 2017	2017
./Electro-Light - The Ways (feat. Aloma Steele) ｜ DnB ｜ NCS - Copyright Free Music.opus	The Ways	Electrolight feat. Aloma Steele	NCS: The Best of 2015	2015
./Culture Code - Electricity (feat. Michael Zhonga) ｜ Progressive House ｜ NCS - Copyright Free Music.opus	Electricity	Culture Code feat. Michael Zhonga	Electricity	2015
./Raul Ojamaa - Hold On Me (feat. Maris Pihlap) ｜ Electronic ｜ NCS - Copyright Free Music.opus	Raul Ojamaa - Hold On Me (feat. Maris Pihlap) | Electronic | NCS - Copyright Free Music	NoCopyrightSounds		
./Distrion & Alex Skrindo - Entropy ｜ House ｜ NCS - Copyright Free Music.opus	Entropy	Distrion & Alex Skrindo	NCS: Infinity	2015
./JNATHYN x Bryan Andrew Medina - Clockwork ｜ Synthwave ｜ NCS - Copyright Free Music.opus	JNATHYN x Bryan Andrew Medina - Clockwork | Synthwave | NCS - Copyright Free Music	NoCopyrightSounds		
./Diviners feat. Contacreast - Tropic Love ｜ Tropical House ｜ NCS - Copyright Free Music.opus	Tropical Love	Diviners	NCS: The Best of 2015	2015
./RedMoon & Meron Ryan - Heavyweight ｜ Progressive House ｜ NCS - Copyright Free Music.opus	Heavyweight	RedMoon & Meron Ryan	Heavyweight	2015
./SadBois & Manno - Romeo and Juliet ｜ Electronic Rock ｜ NCS - Copyright Free Music.opus	SadBois & Manno - Romeo and Juliet | Electronic Rock | NCS - Copyright Free Music	NoCopyrightSounds		
./Siren - Run Away ｜ Electronic Pop ｜ NCS - Copyright Free Music.opus	Run Away	Siren	Run Away	2015
./Rival x Jim Yosef - Gone For Good (w⧸ Alaina Cross) ｜ Melodic Dubstep ｜ NCS - Copyright Free Music.opus	Rival x Jim Yosef - Gone For Good (w/ Alaina Cross) | Melodic Dubstep | NCS - Copyright Free Music	NoCopyrightSounds		
./Kontinuum - Aware ｜ Tropical House ｜ NCS - Copyright Free Music.opus	Aware	Kontinuum	Aware	2015
./Cartoon, Jéja - Why We Lose (feat. Coleman Trapp) ｜ DnB ｜ NCS - Copyright Free Music.opus	Why We Lose	Cartoon feat. Coleman Trapp	UKF Drum & Bass 2015	2015
./Subtact - Away ｜ Trap ｜ NCS - Copyright Free Music.opus	Away	Subtact	Away	2015
./JPB - Levitate (feat. Joe Erickson) ｜ Future Bass ｜ NCS - Copyright Free Music.opus	Levitate	JPB feat. Joe Erickson	NCS: Infinity	2015
./Jim Yosef & Alex Skrindo - Passion ｜ House ｜ NCS - Copyright Free Music.opus	Passion	Jim Yosef & Alex Skrindo	Passion	2015
./James Mercy - Vienna (feat. PhiloSofie) ｜ Electronic Rock ｜ NCS - Copyright Free Music.opus	James Mercy - Vienna (feat. PhiloSofie) | Electronic Rock | NCS - Copyright Free Music	NoCopyrightSounds		
./OSKI - What's The Problem？ ｜ Electronic Pop ｜ NCS - Copyright Free Music.opus	OSKI - What's The Problem? | Electronic Pop | NCS - Copyright Free Music	NoCopyrightSounds		
./Jim Yosef - Lights ｜ House ｜ NCS - Copyright Free Music.opus	Lights	Jim Yosef	Lights	2015
./Disco's Over - Lonely Island pt. II (feat. PRXZM) ｜ Progressive House ｜ NCS - Copyright Free Music.opus	Lonely Island	Wishbone Ash	New England	1976
./Speo - Make A Stand (feat. Budobo) ｜ Dubstep ｜ NCS - Copyright Free Music.opus	Fearless, Pt. II	Tule feat. Chris Linton	NCS: The Best of 2017	2017
./Halvorsen - She Got Me Like ｜ Glitch Hop ｜ NCS - Copyright Free Music.opus	She Got Me Like	Stevie Joe feat. Freddie B.	Thuggy Fresh : The Street Album Part 2	2010
./Rameses B - Morning Drift ｜ DnB ｜ NCS - Copyright Free Music.opus	Morning Drift	Rameses B	Morning Drift	2023
./Shiah Maisel & Clarx - Done Better (feat. AViVA) ｜ Alternative Dance ｜ NCS - Copyright Free Music.opus	Shiah Maisel & Clarx - Done Better (feat. AViVA) | Alternative Dance | NCS - Copyright Free Music	NoCopyrightSounds		
./Different Heaven - Nekozilla ｜ Electro ｜ NCS - Copyright Free Music.opus	Nekozilla	Different Heaven	NCS: Infinity	2015
./More Plastic & Halvorsen - Sunrise ｜ DnB ｜ NCS - Copyright Free Music.opus	Sunrise	More Plastic & Halvorsen	Sunrise	2024
./Tollef - Time With You (feat. RVLE) ｜ Dance Pop ｜ NCS - Copyright Free Music.opus	Tollef - Time With You (feat. RVLE) | Dance Pop | NCS - Copyright Free Music	NoCopyrightSounds		
./Disfigure - Blank VIP (feat. Tara Louise) ｜ Melodic Dubstep ｜ NCS - Copyright Free Music.opus	Blank (VIP)	Disfigure feat. Tara Louise	NCS: The Best of 2015	2015
./Umpire - Collins Ave. ｜ Trap ｜ NCS - Copyright Free Music.opus	Collins Ave.	Umpire	Collins Ave.	2015
./1$K1 - GODSLAYER ｜ Phonk ｜ NCS - Copyright Free Music.opus	1$K1 - GODSLAYER | Phonk | NCS - Copyright Free Music	NoCopyrightSounds		
./Anikdote - Which Direction？ ｜ Trap ｜ NCS - Copyright Free Music.opus	Hold On	Prismo	NCS: The Best of 2017	2017
./K.Safo & Alex Skrindo - Future Vibes feat. Stewart Wallace (Uplink Remix) NCS - Copyright Free Music.opus	Future Vibes	K.Safo & Alex Skrindo feat. Stewart Wallace	Future Vibes (Uplink Remix)	2015
./Killabyte - Our Story ｜ Glitch Hop ｜ NCS - Copyright Free Music.opus	Our Story	Killabyte	Our Story	2015
./NCS Mashup - Biggest NoCopyrightSounds Songs Part 2.opus	NCS Mashup - Biggest NoCopyrightSounds Songs Part 2	NoCopyrightSounds		
./Wontolla, Kasger & Limitless - Miles Away ｜ Drumstep ｜ NCS - Copyright Free Music.opus	Miles Away	Kasger & Limitless	Miles Away	2015
./JPB - High ｜ Trap ｜ NCS - Copyright Free Music.opus	High	JPB	NCS: Infinity	2015
./Kontinuum - First Rain ｜ Indie Dance ｜ NCS - Copyright Free Music.opus	Watch the World Burn	Paul Flint feat. Chris Linton	NCS: The Best of 2017	2017
./3rd Prototype & Lex Dave - Time (feat. Yohamna Solange) ｜ NCS - Copyright Free Music.opus	Home	Jordan Schor & Harley Bird	NCS: The Best of 2017	2017
./ANGELPLAYA & T-Mass - FAVHELLA (feat. Mc Guidanny) ｜ Brazilian Phonk ｜ NCS - Copyright Free Music.opus	ANGELPLAYA & T-Mass - FAVHELLA (feat. Mc Guidanny) | Brazilian Phonk | NCS - Copyright Free Music	NoCopyrightSounds		
./SirensCeol - Nostalgia [NCS Release].opus	Nostalgia	Wexxel & Sae	Nostalgia	2012
./Killercats - What I Said (feat. Alex Skrindo) ｜ Future Bass ｜ NCS - Copyright Free Music.opus	Denki Noise Dance Part 5	Kiiro Radical	Vanity Box	2020
