playlist_id,track_id,custom_order
77,59,881
33,32,1
74,35,315
32,75,966
23,64,550
5,41,286
19,84,130
16,6,745
15,100,532
59,31,549
9,87,372
64,37,696
35,80,987
61,45,516
99,88,608
78,15,290
49,39,160
96,7,945
63,86,764
26,65,654
62,8,156
69,56,408
12,76,887
4,25,411
84,28,860
57,90,992
46,89,502
50,85,30
14,11,220
43,38,430
20,4,678
58,79,187
88,5,590
34,19,952
85,73,830
24,93,347
89,29,135
93,44,573
38,21,964
83,17,3
1,9,706
91,78,943
30,43,611
21,26,682
29,61,953
51,81,793
54,2,861
48,3,384
18,46,340
10,20,524
75,36,471
6,1,365
56,47,484
73,55,195
37,83,651
40,68,567
13,33,706
28,10,11
22,71,849
66,92,366
76,13,538
2,69,757
79,82,656
86,97,3
52,57,986
87,51,885
71,63,461
39,34,846
98,53,793
94,52,295
68,12,433
41,72,932
27,14,817
8,98,130
95,62,622
45,16,405
3,94,199
17,42,507
7,49,355
60,91,659
55,48,179
72,27,315
44,99,190
53,60,537
70,30,585
92,50,751
81,23,957
67,96,527
36,58,419
100,24,894
80,54,689
97,22,871
42,18,31
47,95,16
90,74,539
65,77,271
31,40,324
25,66,852
11,67,736
82,70,338
